1729;649
1763;613
1508;663
1514;723
1523;713
1493;703
1578;727
1529;753
1651;758
1839;758
2208;771
2248;774
2344;773
2590;780
2514;777
2340;755
2053;741
1855;694
1751;651
1739;632
1721;603
1745;592
1601;530
1549;460
1468;434
1406;391
1343;308
1227;235
1206;192
1106;173
1096;185
1160;204
1120;202
1043;213
977;214
842;242
757;254
804;289
787;293
771;289
854;233
939;272
1000;311
1153;301
1236;313
1326;331
1529;416
1795;444
1970;439
2267;532
2543;574
2411;601
2601;667
2718;828
3077;832
2942;828
2765;831
2446;772
1972;689
1691;625
1352;540
980;441
750;373
465;319
289;384
262;326
280;138
306;128
398;232
559;179
720;181
856;119
859;132
903;175
975;382
1024;545
1093;578
1081;535
999;520
849;511
769;518
707;529
647;468
619;401
602;317
532;297
411;241
279;214
178;182
108;123
96;124
99;116
113;110
103;127
98;150
107;173
143;135
177;97
232;154
223;419
195;475
178;482
122;469
97;470
89;461
75;428
56;376
52;213
53;198
57;279
71;219
81;171
57;159
73;168
96;134
126;112
95;80
94;67
113;71
69;69
38;67
49;67
62;79
58;80
74;65
80;64
94;75
123;104
134;137
161;201
270;211
480;139
518;122
550;162
637;183
667;163
737;172
849;201
919;257
828;324
716;365
616;319
532;330
441;310
330;267
231;223
130;209
109;223
121;206
150;159
192;117
279;93
374;87
475;91
480;106
408;81
401;68
447;63
459;66
486;72
596;79
640;80
714;77
772;84
829;78
807;82
741;78
794;83
772;84
748;87
670;84
518;82
419;80
391;78
274;81
232;78
215;76
174;71
132;71
111;73
101;72
95;73
105;77
143;95
223;119
355;159
503;195
706;229
906;296
1147;355
1285;355
1326;349
1481;343
1644;392
1812;407
1961;432
1991;425
2126;453
2386;472
2638;482
2736;474
2535;584
2652;742
2705;747
2858;746
3022;745
3005;733
2996;729
3020;709
3029;696
2948;676
2775;642
2452;625
2234;572
2032;484
1959;464
1914;462
1858;366
1740;263
1569;211
1414;128
1264;148
1210;136
1126;118
992;95
923;72
847;82
816;79
769;51
720;92
639;99
719;89
834;95
964;107
823;96
611;66
656;71
620;81
583;60
560;45
524;37
459;37
426;44
436;68
413;68
376;68
332;44
277;40
227;34
183;35
172;49
173;87
212;125
255;186
294;204
360;180
439;189
443;221
424;213
454;271
488;233
552;272
621;291
694;324
689;284
736;296
740;307
726;339
755;381
848;411
992;395
1044;365
1082;376
1089;378
1050;376
1079;458
1127;416
1175;250
1266;210
1336;231
1372;302
1411;310
1387;283
1300;396
1238;377
1288;347
1268;326
1274;304
1281;288
1189;279
1184;275
1203;330
1258;344
1328;362
1377;420
1500;394
1555;411
1681;400
1782;412
1821;419
1827;385
1802;342
1716;380
1733;411
1688;392
1687;409
1761;460
1814;498
1850;525
1812;510
1870;451
1849;378
1734;382
1565;378
1396;376
1240;378
1159;419
1175;444
1322;475
1501;467
1523;478
1489;516
1510;539
1591;512
1604;406
1529;361
1447;363
1315;427
1444;465
2034;463
2445;537
2618;555
2779;564
2843;582
2773;611
2726;628
2643;638
2521;645
2591;676
2758;679
2893;682
3002;694
3049;729
2745;748
2827;766
2817;769
2901;773
2964;785
3023;790
3056;776
3132;779
3173;787
3196;787
3212;797
3265;804
3344;816
3360;823
3357;828
3298;831
2826;834
2572;840
2380;838
2507;836
2356;828
2162;783
1943;703
1987;643
1690;590
1542;624
1208;592
1163;510
1108;550
1112;490
895;468
919;470
818;433
663;362
589;423
674;414
856;440
841;437
693;456
665;514
665;494
711;471
750;512
503;492
454;438
457;463
409;441
359;353
370;281
339;314
418;262
580;269
546;305
512;293
639;371
658;384
683;400
796;484
854;459
790;460
708;457
721;461
589;483
708;455
600;487
546;432
646;488
658;554
643;580
616;534
516;562
473;521
404;444
381;412
288;365
200;392
160;368
132;318
121;415
123;496
122;509
93;407
71;375
58;215
59;145
71;117
76;104
111;101
54;75
32;79
45;70
37;46
31;29
39;20
51;25
51;47
121;62
90;53
84;58
103;71
114;89
155;64
160;60
211;84
238;137
263;161
293;151
314;152
463;151
419;193
403;236
297;243
298;263
313;210
383;179
449;193
468;180
471;186
488;173
489;158
506;143
529;113
550;120
526;161
511;137
535;119
496;112
463;76
402;54
392;47
396;43
404;34
336;41
367;55
323;38
241;38
192;34
157;30
144;22
123;15
121;9
85;5
60;5
57;6
51;9
41;4
25;4
24;4
31;4
37;4
31;4
33;4
46;4
99;4
210;4
310;4
432;13
554;31
726;62
809;113
911;109
1081;112
1090;162
1028;231
1139;288
1243;277
1299;322
1309;363
1338;452
1408;493
1378;486
1317;457
1286;454
1168;430
1096;375
915;361
822;301
729;306
631;300
504;310
536;307
570;218
451;204
412;166
361;102
391;67
400;35
442;31
521;23
631;21
717;30
783;60
830;83
1015;123
1241;141
1480;188
1666;225
1838;274
1904;277
2080;332
2285;384
2371;453
2730;535
2855;616
3208;731
3273;792
3324;834
3290;852
3017;863
3259;862
3013;822
2780;815
2573;771
2710;767
2425;710
2222;641
2364;559
2585;619
2831;666
3133;712
3325;766
3457;801
3518;825
3512;823
3517;850
3429;880
3273;906
3112;918
3072;921
3129;882
3222;813
3164;693
3298;545
3303;529
3273;555
3225;527
3085;580
2909;546
2770;633
2620;661
2433;609
2292;615
2161;540
2160;535
2189;572
2244;530
2258;501
2144;420
1955;408
1761;343
1516;357
1317;368
1238;320
1235;355
1229;304
1238;250
1095;190
974;163
840;134
654;88
546;68
496;48
471;32
443;34
433;11
437;9
459;12
446;10
423;8
454;9
435;7
400;10
423;19
443;13
390;10
443;20
529;16
621;23
633;37
565;62
590;101
571;143
467;191
447;189
466;180
380;230
263;209
242;197
316;174
390;211
573;219
727;231
973;229
1313;239
1615;356
1991;351
2287;401
2664;420
2894;522
3200;538
3365;691
3563;750
3576;813
3543;893
3320;892
2638;886
2362;707
2273;676
2403;655
2363;809
2931;793
2676;793
3109;805
3141;803
3155;811
3152;820
3130;828
3108;834
3142;839
3064;835
2879;815
2785;811
2519;788
2286;689
1951;503
1740;427
1580;420
1549;411
1432;469
1418;501
1650;598
1870;686
2112;753
2465;802
2644;836
2956;872
3273;917
3324;917
3374;904
3418;916
3359;926
3210;918
3091;885
3093;852
3108;814
3100;775
3096;767
3119;778
3119;787
3129;809
3035;828
3152;845
3020;860
3128;880
3112;889
3113;889
3001;882
3081;853
2973;837
3048;831
3034;822
2933;793
2714;791
2693;748
2513;725
2342;695
2277;664
2233;632
2055;598
1851;574
1807;561
1831;500
1790;403
1889;373
2052;417
2146;419
2331;477
2266;519
2302;439
2290;469
2429;498
2533;490
2542;561
2565;554
2683;573
2745;635
2773;722
2631;767
2610;786
2635;793
2397;791
2304;740
2259;577
2222;503
2230;683
2225;607
2144;451
2195;563
2160;592
2301;594
2266;630
2323;675
2416;726
2533;756
2607;750
2644;734
2594;743
2459;759
2353;783
2153;785
2209;774
2254;718
2384;704
2536;703
2542;703
2465;676
2326;708
2225;713
2119;724
2001;708
1831;735
1625;745
1466;767
1334;752
1526;798
1659;795
1671;785
1699;764
1671;741
1723;697
1868;641
2118;576
2311;491
2387;402
2456;307
2508;235
2383;178
2191;134
2026;93
1966;46
1941;32
1882;41
1649;63
1416;78
1289;83
1160;121
1014;176
891;254
882;333
791;344
732;309
694;279
646;307
684;267
638;229
597;221
694;164
845;133
929;103
921;105
1071;65
1227;52
1304;61
1376;66
1419;62
1510;98
1709;71
1957;67
2159;80
2355;76
2499;65
2685;66
2810;87
2840;121
2838;123
2781;122
2697;168
2594;261
2560;289
2558;322
2622;442
2569;613
2461;745
2343;753
2131;717
1952;645
1710;603
1655;518
1562;484
1443;507
1352;482
1273;466
1129;453
1069;445
1034;434
1012;385
932;300
753;288
561;316
434;313
357;260
327;235
264;212
250;220
204;242
165;233
143;180
126;134
81;108
64;90
44;84
30;65
22;67
24;67
21;67
23;62
35;60
39;51
35;37
24;26
21;22
19;15
39;12
62;16
84;18
78;16
87;14
126;20
126;22
105;22
69;14
58;9
75;7
77;7
82;13
95;15
104;9
77;8
71;6
92;6
144;7
176;12
224;20
321;36
384;33
424;30
521;27
575;24
628;20
622;20
574;22
499;24
444;29
532;32
656;35
676;36
689;32
717;39
818;35
1026;38
1099;43
1112;38
1210;41
1223;42
1160;40
1089;44
1054;46
958;53
846;63
836;74
911;85
856;73
950;72
1051;74
1134;54
1250;47
1347;41
1353;37
1414;35
1414;36
1528;39
1703;50
1833;63
1893;69
1825;66
1812;56
1770;52
1869;60
2005;69
2050;96
2098;128
2158;140
2274;141
2235;152
2268;170
2310;172
2245;173
2242;164
2256;169
2218;190
2242;207
2239;234
2180;259
2145;283
2110;308
2077;310
1999;328
1859;277
1753;248
1650;228
1666;229
1751;259
1825;281
1760;294
1660;262
1522;190
1407;175
1303;129
1243;112
1120;97
957;90
952;74
1044;70
1091;67
1159;66
1235;65
1282;89
1376;82
1404;68
1321;52
1182;47
1230;43
1210;33
1286;33
1378;51
1444;76
1609;101
1805;119
1923;121
1960;137
2009;170
2153;202
2277;249
2431;265
2490;334
2595;402
2845;422
2664;604
2761;674
3157;713
3168;727
3208;719
3238;714
3267;706
3303;717
3364;731
3378;735
3409;729
3306;765
3274;756
3169;768
3065;766
3044;758
3091;765
3160;768
3240;767
3358;767
3415;762
3360;765
3271;752
3153;737
3102;752
3171;764
3185;760
3213;763
3248;759
3242;753
3166;752
3049;746
3092;714
2859;659
2635;620
2412;631
2297;626
2024;631
1749;603
1649;515
1635;549
1589;504
1586;515
1411;530
1180;465
1142;378
978;291
973;238
852;236
796;238
783;231
852;247
816;206
919;172
1087;134
1099;145
1008;142
901;121
862;113
878;99
888;91
1006;87
1113;94
1106;109
1066;108
1064;91
1068;70
1003;42
953;24
818;26
753;25
786;35
854;47
940;48
1048;50
1030;53
1057;69
1317;93
1806;130
2150;130
2303;127
2224;150
2007;172
2155;205
2576;267
2906;343
3070;441
3229;556
3275;556
3271;582
3299;554
3340;556
3209;563
3219;610
3318;633
3316;690
3384;695
3470;681
3471;710
3449;740
3422;758
3321;765
3124;750
3066;742
3027;731
2978;714
2906;712
2710;694
2637;676
2366;651
1960;584
1608;532
1528;460
1426;398
1299;298
1258;297
1260;305
1383;424
1516;465
1514;412
1467;404
1597;390
1747;425
1925;420
1910;434
1931;511
1850;596
1895;615
1824;668
1554;697
1293;681
1099;676
941;630
887;587
758;540
683;503
578;467
441;424
369;311
315;284
247;239
157;173
111;98
92;79
45;79
18;71
19;42
39;27
47;25
25;16
23;16
24;12
33;9
37;8
46;9
83;10
148;8
219;7
282;7
366;8
436;9
504;8
575;9
653;12
739;14
818;16
867;18
873;31
861;41
963;49
1063;71
1159;114
1298;153
1498;167
1516;167
1462;160
1371;135
1321;126
1185;105
1071;92
1044;83
1017;103
991;127
895;159
770;186
690;182
584;165
453;162
378;141
354;107
258;93
188;80
182;67
164;58
140;49
100;34
105;26
105;16
121;12
125;14
143;14
165;14
183;13
245;13
332;14
407;19
483;22
570;24
658;30
730;42
743;44
729;60
712;56
719;67
711;61
658;76
616;98
692;113
665;139
659;123
663;95
587;102
475;139
394;148
352;165
346;151
291;164
267;187
249;181
249;154
177;133
113;95
72;71
90;52
88;33
43;19
47;14
49;11
53;7
70;13
88;15
87;10
101;7
118;7
83;8
97;8
157;8
230;9
241;9
456;9
288;10
304;12
288;14
293;15
256;17
231;20
274;20
302;19
358;26
408;11
360;11
291;14
238;19
218;21
262;23
238;23
223;21
226;23
228;23
226;57
230;56
224;67
189;108
142;92
105;121
123;120
187;105
213;120
230;116
237;128
249;128
236;106
201;104
160;95
115;67
78;64
68;67
59;59
56;63
45;62
37;47
31;56
24;59
24;54
30;43
26;27
27;21
33;21
51;15
62;15
82;22
156;31
304;45
358;71
351;86
385;155
424;178
462;192
636;203
757;231
808;257
895;352
924;477
993;465
1026;436
1120;462
1230;456
1249;459
1150;444
939;419
764;393
658;376
611;396
566;378
489;394
456;354
435;326
382;285
332;267
289;175
225;145
206;96
180;113
161;104
183;162
240;172
350;189
436;254
647;329
891;338
1146;328
1295;368
1438;360
1519;346
1582;349
1736;402
1859;411
1815;426
1732;415
1734;449
1638;495
1604;520
1622;579
1667;581
1635;552
1494;451
1294;405
1190;430
1231;421
1290;370
1265;385
1311;400
1228;384
1419;427
1678;467
1713;478
1630;459
1609;454
1674;450
1774;387
1793;297
1636;348
1403;384
1450;374
1581;497
1662;425
1752;285
1817;428
1755;421
1784;422
1793;463
1855;478
2013;415
2254;418
2451;483
2539;556
2697;570
2908;625
3123;655
3297;653
3361;551
3401;577
3420;726
3415;712
3374;673
3369;619
3397;696
3453;713
3529;743
3504;696
3404;504
3298;472
3256;426
3262;417
3219;339
3106;319
3022;356
2939;344
2921;436
2926;476
2915;511
3043;531
3066;562
2852;517
2912;528
3193;602
3223;622
3189;643
3102;672
3029;719
3000;731
3083;739
3107;734
2824;746
2808;729
2891;695
3018;627
2935;478
2772;386
2786;354
2846;366
2835;384
2883;426
3007;406
3000;410
3104;411
3226;410
3212;364
3003;321
3003;319
3031;366
2979;365
2975;388
2862;530
2720;657
2658;628
2683;462
2634;533
2437;557
2410;574
2475;471
2516;401
2521;331
2568;269
2585;236
2504;193
2514;179
2497;212
2530;263
2611;342
2790;360
2948;241
2994;195
2857;240
2641;360
2455;532
2270;578
2075;576
2040;552
1991;529
1971;508
2063;518
2072;509
2039;464
1968;411
1704;368
1496;356
1391;308
1307;241
1225;227
1215;203
1221;182
1115;231
1124;260
1163;271
1388;240
1657;213
1726;179
1771;170
1672;179
1497;226
1324;274
1323;298
1330;342
1353;446
1352;456
1427;450
1441;471
1411;428
1450;415
1379;365
1345;319
1362;314
1361;361
1378;451
1458;497
1633;528
1971;555
2291;604
2381;564
2406;535
2403;535
2377;512
2352;523
2349;556
2240;549
2201;528
2175;531
2149;545
2141;523
2120;514
2050;502
2135;490
2330;488
2544;522
2687;524
2911;544
3019;558
3064;502
3001;456
2902;419
2429;340
2372;285
2438;255
2353;234
2316;233
2281;262
2155;273
2063;299
1955;381
1765;469
1581;522
1338;457
1080;395
907;320
725;204
541;147
445;141
269;117
150;111
90;93
67;71
79;62
120;75
156;69
183;92
221;112
294;114
392;96
512;109
688;154
847;195
905;261
1014;299
1011;279
956;267
968;273
1035;221
1147;184
1212;178
1146;178
1072;146
1084;128
1092;150
1111;147
1127;172
1126;214
1068;201
941;187
789;185
714;188
636;179
569;177
457;174
381;216
315;190
258;125
276;93
296;84
266;75
211;70
174;72
199;65
210;43
178;32
187;27
174;24
143;22
156;21
158;22
163;23
167;24
147;37
118;45
81;77
63;138
100;165
117;215
119;273
113;156
152;83
218;103
311;143
353;274
386;363
400;315
381;311
326;358
290;287
279;291
275;264
299;318
340;291
345;335
336;388
285;394
231;367
212;256
199;201
227;182
211;265
201;319
183;228
132;164
106;156
62;237
49;206
55;157
63;121
71;67
106;41
156;25
157;23
147;23
182;30
226;49
313;63
443;92
597;112
733;143
812;219
979;289
1242;342
1467;400
1568;413
1635;401
1793;472
1949;519
2141;575
2333;595
2449;670
2548;694
2532;671
2447;615
2324;521
2125;419
1994;335
1978;276
1912;212
1876;189
1849;163
1772;159
1709;156
1679;147
1582;159
1523;177
1435;187
1351;199
1260;175
1153;171
1118;213
1187;201
1358;211
1533;276
1720;386
1910;463
2029;425
2141;358
2189;315
2131;308
1992;219
1769;152
1438;141
976;83
602;55
440;49
350;45
218;38
153;45
88;41
36;60
27;66
10;58
5;34
5;28
9;21
14;23
17;30
31;43
52;28
72;20
84;20
107;46
150;84
204;79
296;65
382;53
451;47
582;72
644;118
651;141
660;158
665;125
689;85
996;115
781;123
822;112
843;129
828;155
792;210
771;238
736;195
668;165
566;164
524;163
500;149
477;149
408;165
376;166
323;171
278;169
291;156
262;152
244;148
192;120
150;102
152;92
149;83
141;64
110;50
58;35
46;29
37;27
35;31
89;43
298;50
548;79
644;143
511;238
463;310
500;324
616;296
740;274
962;339
1314;395
1589;508
2012;634
2388;717
2458;753
2481;755
2545;785
2743;811
3055;841
3263;869
3203;888
3197;924
3218;950
3312;972
3256;992
3307;1008
3385;1014
3248;1023
3032;1015
2940;1027
2997;1027
3218;1018
3391;1023
3071;1023
2998;1015
3181;1003
3211;993
3192;978
3227;984
3226;990
3345;997
3280;1003
3251;1008
3221;1001
3068;1004
2898;993
3180;970
3196;962
3307;962
3265;967
3192;959
3130;950
3206;965
3295;979
3214;972
3200;972
3033;953
2773;945
2756;938
2938;933
2646;937
2725;937
2714;945
2859;964
2918;979
2779;974
2833;969
2779;972
2815;959
2712;939
2512;936
2871;928
2880;926
2892;945
2816;950
2699;948
2575;944
2181;947
2717;877
2299;752
2133;857
2135;696
2020;832
1775;826
1779;826
1789;811
1845;736
1628;675
1861;783
1665;765
1626;754
1552;739
1655;730
1604;727
1546;729
1446;717
1321;708
1160;675
954;633
834;587
706;515
528;421
346;307
220;204
167;147
135;99
157;67
197;38
295;21
420;12
544;11
628;12
676;13
795;21
932;34
1092;50
1197;77
1288;105
1367;137
1451;171
1807;185
1926;179
2003;225
2289;325
2183;352
1904;363
1958;341
2113;337
2166;340
2112;379
2187;425
2185;565
2232;690
2111;673
1937;647
1709;628
1650;589
1642;518
1517;404
1355;398
1123;387
889;344
699;341
588;371
541;375
510;279
414;211
327;152
226;115
213;85
313;59
345;35
450;27
523;22
628;35
739;44
959;63
999;89
1163;134
1222;150
1082;155
1123;168
1365;219
1578;278
1782;444
2109;479
2139;519
2160;516
2150;572
2176;554
2418;531
2558;532
2670;529
2684;577
2604;609
2829;586
2465;634
2272;676
2063;657
1837;686
1622;663
1281;637
1026;601
813;550
692;533
581;440
426;326
357;146
292;81
268;114
196;109
111;111
83;101
104;62
110;47
123;36
68;24
48;18
50;17
43;7
59;6
55;7
47;6
61;6
93;6
151;7
206;9
277;11
422;13
579;15
711;22
845;31
957;50
1046;56
1089;59
1139;65
1161;85
1298;118
1272;151
1303;168
1389;197
1419;196
1409;188
1307;178
1252;166
1129;148
980;160
880;154
829;151
808;137
731;145
654;151
593;148
546;130
536;139
563;127
516;118
445;102
406;69
395;46
343;44
317;32
314;28
305;24
308;24
243;40
244;85
230;107
222;152
190;134
132;92
114;62
112;43
102;33
101;27
78;13
60;14
52;30
62;24
72;24
71;26
61;21
47;18
56;17
80;20
115;20
142;18
175;23
197;37
302;52
334;70
346;74
347;85
394;115
410;98
371;115
354;92
356;91
390;96
329;88
303;79
418;59
452;45
415;33
462;50
516;59
552;59
544;36
545;27
526;43
408;60
304;70
238;79
202;79
155;94
115;107
92;115
77;87
71;93
79;73
95;61
137;51
158;39
153;23
176;17
246;21
396;25
497;18
764;13
936;12
998;11
1147;13
1266;20
1417;35
1658;64
1856;104
1953;167
2028;209
2150;253
2254;322
2370;448
2609;606
2791;671
2925;730
3004;746
3094;767
2937;758
2810;722
3021;770
3077;795
3216;812
3329;829
3309;864
3440;877
3507;903
3498;901
3362;905
3443;912
3416;910
3476;891
3452;898
3387;893
3151;883
3099;852
3140;839
3065;849
2864;862
2714;849
2528;843
2394;833
2322;834
2393;805
2473;775
2520;742
2487;632
2446;488
2291;385
2184;327
1959;313
1749;311
1567;314
1309;318
1157;275
917;291
730;270
576;233
539;187
470;155
375;116
313;95
358;80
376;62
406;50
432;37
445;30
409;26
342;25
382;16
490;11
631;10
757;15
793;42
824;80
921;132
1071;221
1273;311
1256;384
1208;444
1204;498
1296;532
1398;533
1423;546
1389;546
1344;581
1378;603
1455;622
1600;645
1738;638
1852;666
1969;666
2241;660
2555;674
2373;654
2142;672
1967;637
1702;639
1535;671
1381;672
1196;625
1072;644
849;609
660;541
544;484
491;419
391;342
364;299
355;261
369;277
368;307
377;338
369;334
472;320
624;305
672;291
769;289
1090;296
1455;289
1575;320
1608;408
1614;478
1611;530
1589;466
1509;411
1385;374
1060;355
858;272
760;286
686;311
592;342
568;307
553;297
645;268
678;246
605;203
561;200
527;163
496;179
380;166
330;167
367;149
321;167
248;194
185;212
121;191
86;141
62;79
41;50
44;37
73;40
162;63
221;104
348;187
505;187
728;232
1035;301
1334;391
1701;500
1993;558
2253;491
2361;420
2418;366
2327;279
2126;303
1839;293
1665;255
1551;285
1475;310
1551;227
1548;161
1555;112
1677;79
1760;136
1774;159
1587;209
1515;205
1555;246
1529;328
1429;370
1295;405
1193;428
1139;529
1215;618
1394;611
1413;637
1549;644
1619;654
1363;584
1221;425
1083;329
788;285
616;166
477;69
523;28
534;25
604;29
640;70
455;182
461;283
517;459
586;505
744;526
875;341
877;364
826;556
944;595
981;515
1171;468
1153;389
1168;283
1010;179
987;233
1033;314
1065;356
1219;500
1559;536
2270;540
2912;578
3360;789
3611;794
3575;845
3503;817
3426;838
3273;837
3146;799
3111;755
3074;765
3030;795
3040;790
2985;810
2901;804
2761;802
2490;798
2169;782
1823;743
1718;695
1728;591
1598;551
1432;470
1222;382
941;270
634;163
324;86
164;45
122;25
160;24
370;39
749;80
1142;163
1557;306
1835;477
2138;548
2228;557
2218;587
2414;637
2550;668
2540;673
2519;701
2465;729
2315;744
2063;710
1796;650
1672;628
1488;606
1292;548
992;497
804;389
695;259
778;211
776;188
863;182
897;203
783;250
775;257
666;288
660;294
587;282
498;305
427;318
403;297
399;219
326;177
206;184
131;192
85;189
100;164
115;159
90;150
90;137
81;117
156;112
210;118
182;152
156;194
174;223
170;257
141;254
105;229
128;216
247;175
319;146
313;107
278;87
279;82
251;71
249;69
230;76
224;76
248;73
278;47
281;28
354;20
405;25
427;34
424;25
417;42
464;71
526;90
584;122
730;169
821;230
1029;309
1312;368
1452;340
1669;309
1925;348
2198;352
2488;364
2679;463
2749;603
2367;632
2416;731
2428;762
2518;774
2643;804
2723;816
2582;813
2603;828
2919;860
3143;859
3079;848
2909;834
2873;833
2924;842
2838;840
2767;832
2898;832
2915;827
3038;813
2923;791
2946;789
2942;767
2945;758
2929;758
2945;773
2911;786
2744;780
2662;777
2586;766
2576;776
2669;779
2778;779
2818;793
2756;802
2606;819
2347;789
2280;755
2354;783
2299;758
2269;744
2323;738
2379;734
2456;722
2570;698
2656;674
2665;689
2699;731
2766;740
2838;758
2910;766
2953;760
3053;826
3185;861
3203;879
3249;884
3309;877
3343;877
3287;877
3270;875
3153;880
3148;875
3187;879
3216;875
3244;873
3208;856
3182;844
3133;831
3117;824
3110;835
3132;825
3037;820
3040;825
3035;820
2946;843
2852;831
2822;831
2682;832
2473;813
2328;812
2240;800
2022;783
1825;794
1607;779
1471;738
1498;723
1576;677
1504;606
1367;555
1271;428
1179;351
1166;292
1209;306
1123;246
1114;163
1020;173
1028;105
947;61
913;76
849;96
717;112
666;105
561;132
456;143
346;162
264;196
229;198
199;213
160;265
135;237
97;245
102;242
100;344
100;342
85;335
85;354
82;374
49;252
37;279
37;237
40;168
87;127
59;66
72;43
60;27
90;13
63;9
65;10
50;30
113;31
159;46
93;79
49;84
44;93
85;61
103;42
105;17
121;13
105;17
150;21
196;23
171;39
187;67
169;77
227;61
214;44
239;44
205;26
162;14
113;17
144;15
134;10
122;6
166;7
157;16
196;10
158;11
162;11
171;18
194;25
233;47
234;74
252;101
232;158
207;135
227;114
240;81
254;75
282;64
303;58
321;40
386;43
465;41
555;53
703;41
807;51
884;45
824;39
695;38
673;26
742;20
890;23
1077;34
1331;52
1532;67
1696;109
1884;172
2008;234
2012;286
1803;281
1513;330
1248;334
935;318
673;272
543;175
445;132
489;134
717;129
840;141
908;170
867;201
826;214
664;231
470;213
347;121
279;65
269;40
215;30
160;29
147;20
128;15
99;12
109;9
107;7
127;5
189;6
221;5
231;8
241;9
361;9
445;11
461;12
494;12
521;15
533;17
551;20
584;22
616;28
592;57
656;104
930;155
1080;245
1180;278
1149;264
1124;236
1168;212
1202;207
1219;219
1156;224
1116;264
1055;302
924;321
749;336
770;331
784;317
751;310
761;348
944;401
1225;511
1499;477
1601;588
1223;701
972;688
1249;658
1346;580
1336;490
1266;420
1209;369
1130;391
1136;384
1162;277
1208;218
1193;179
1199;153
1051;151
971;153
1021;144
1080;163
1136;181
1317;204
1380;222
1367;232
1368;230
1390;198
1233;169
1111;123
889;75
677;82
646;82
651;81
559;80
481;71
453;72
399;49
347;27
227;11
179;5
121;3
43;3
33;2
56;3
71;3
89;3
154;4
188;9
293;14
364;24
407;65
455;124
620;180
887;208
1026;260
1237;362
1508;471
1787;519
1873;538
1876;335
1512;192
1229;94
1111;197
1159;404
1412;540
1605;469
1411;402
1549;468
1716;537
2254;598
2557;596
2728;548
2848;682
2911;749
3063;786
3224;787
3100;755
2806;736
2545;653
2339;567
2207;557
1952;554
1706;512
1481;432
1402;410
1574;460
1588;483
1740;591
1796;618
2116;656
2481;716
2591;738
2933;795
3192;805
3404;801
3495;802
3534;852
3428;863
3314;839
3082;785
2788;754
2409;687
1978;633
1750;480
1646;445
1553;392
1374;259
1137;151
802;112
515;87
375;43
296;59
265;116
248;194
289;424
389;408
411;389
605;341
987;276
1355;291
1766;318
2076;339
2286;506
2060;644
2379;729
2102;674
1828;504
1624;382
1467;324
1337;409
1200;503
1009;515
910;503
820;425
794;306
758;248
709;279
706;322
774;298
877;269
1017;250
1366;305
1799;319
2087;480
2309;411
2496;475
2591;629
2610;717
2530;694
2359;683
2152;678
2103;595
2068;565
2009;484
1950;432
1960;510
1798;566
1646;563
1596;592
1623;526
1495;493
1342;454
1358;468
1259;406
1167;359
1109;361
1035;354
944;287
938;231
922;174
768;114
553;69
331;36
148;36
83;50
41;71
34;46
36;68
26;103
23;116
28;115
41;80
67;40
83;31
102;33
94;30
126;19
132;10
128;10
172;13
234;39
332;96
435;159
490;122
579;99
639;84
666;79
574;72
470;55
416;59
379;66
306;72
292;84
234;72
222;69
187;54
149;31
121;29
103;16
79;9
49;6
36;7
36;6
44;7
47;8
72;9
110;19
142;45
128;64
155;120
210;180
315;226
362;277
428;329
467;423
523;475
558;516
662;519
941;556
1167;582
1515;652
1751;735
2021;806
2327;839
2676;859
2666;879
2602;884
2717;869
2887;855
2779;733
2446;499
2024;330
2053;244
1836;299
1548;297
1517;142
1274;93
948;92
1051;199
1023;244
859;278
594;302
544;336
596;251
619;471
642;480
703;495
704;577
641;636
597;685
664;739
651;789
563;824
535;824
663;833
692;835
858;839
1061;835
1221;810
1312;775
1454;768
1543;779
1705;766
1702;736
1515;700
1444;649
1341;499
1288;343
1190;196
1171;104
1198;103
1186;129
1122;174
1540;180
1931;228
2230;282
2332;318
2424;354
2496;303
2243;257
2232;269
2012;288
1749;269
1488;322
1372;358
1492;345
1802;318
2098;278
2134;240
1969;209
1749;176
1613;166
1558;151
1502;133
1673;168
1560;228
1506;269
1212;390
1353;538
1593;502
1831;466
2334;448
2381;356
2306;293
1890;271
1531;270
1432;264
1359;265
1007;208
724;163
638;142
598;119
496;108
444;96
433;62
390;35
333;15
296;10
203;6
135;4
138;4
123;6
141;9
155;10
165;14
258;19
319;22
362;31
346;40
303;30
297;20
294;11
255;11
250;8
276;6
293;7
312;10
337;14
342;14
347;12
346;12
343;12
336;13
292;8
233;6
244;6
268;6
338;8
348;9
344;13
319;14
302;10
285;8
275;9
239;12
193;18
138;17
106;13
91;14
117;14
200;17
233;15
209;19
242;25
293;17
241;13
151;15
117;12
95;5
97;4
134;9
199;14
197;19
183;22
187;22
244;24
288;29
296;41
298;58
283;66
278;72
380;75
541;117
806;158
974;179
1102;145
1107;140
1227;153
1356;152
1439;117
1277;79
893;49
535;26
393;14
385;11
380;10
427;13
435;13
449;28
468;59
524;90
522;85
527;120
378;156
275;176
323;150
438;156
623;195
683;216
716;199
774;195
870;163
911;127
997;104
942;89
747;70
574;41
547;38
648;42
813;63
1046;115
1211;278
1534;421
1718;484
1828;572
1924;626
1953;624
1720;552
1603;487
1582;424
1667;420
1728;444
1706;365
1373;296
1298;249
1240;216
1258;193
1336;213
1276;193
1179;143
1006;114
913;100
905;118
1083;181
1562;257
1863;361
2395;469
2628;605
2677;745
2476;742
2326;633
2167;530
1997;509
1893;488
1912;443
2033;368
2119;320
1715;297
1483;277
1536;261
1581;229
1542;182
1285;183
1026;151
868;119
810;102
694;152
673;223
692;283
868;311
1152;378
1188;358
1453;268
1533;245
1592;410
1442;291
1161;189
1189;207
1248;273
1290;286
1317;290
1170;251
1072;370
962;439
983;238
885;168
808;177
657;82
574;111
518;108
422;94
364;76
339;88
304;56
282;53
222;56
140;38
123;21
112;10
102;5
68;7
57;6
42;4
54;4
62;5
76;6
101;6
103;6
100;6
108;9
154;10
144;11
99;7
103;6
123;11
159;28
180;28
196;23
193;30
208;30
261;34
315;45
366;53
308;62
409;78
457;99
599;148
635;153
551;136
428;101
398;102
364;135
378;177
466;226
427;233
426;269
475;243
489;244
562;235
663;234
832;305
1001;390
1208;500
1432;585
1631;654
1850;707
1829;721
1772;703
1635;667
1573;633
1512;608
1555;603
1532;561
1182;470
1186;409
1289;382
1303;322
1367;296
910;277
765;252
531;255
386;240
314;232
310;228
385;259
535;266
644;325
780;295
757;244
659;205
554;152
429;135
390;177
386;183
397;194
360;148
296;162
374;180
340;209
272;209
166;200
108;173
75;184
63;126
46;103
41;80
59;59
89;33
80;34
83;28
83;32
106;62
129;136
171;234
202;279
231;274
231;189
271;156
263;90
279;66
297;32
393;23
435;19
558;31
737;64
842;94
848;96
771;67
686;57
651;56
728;61
845;72
1164;105
1339;127
1594;133
1866;163
2187;209
2086;187
1779;187
1585;260
1302;346
1186;314
1112;340
1003;335
834;329
590;304
534;288
581;307
532;303
465;249
676;175
825;123
877;120
1046;134
1247;182
1238;242
1348;248
1397;275
1492;292
1547;247
1594;264
1669;290
1657;291
1521;233
1348;204
1178;202
1075;179
909;141
839;116
802;113
789;104
714;57
703;31
775;26
858;20
920;12
943;20
858;57
831;79
792;77
759;66
765;56
701;59
656;92
638;111
580;126
550;120
475;115
385;94
315;92
243;88
199;68
167;48
156;35
158;31
157;17
145;11
138;12
95;9
47;6
26;5
24;6
25;7
35;10
50;16
95;27
152;47
194;47
241;50
221;54
172;71
125;83
107;81
85;124
93;157
109;164
117;139
91;111
70;77
66;49
60;20
102;19
116;21
123;19
125;33
155;47
202;26
242;19
255;20
299;31
319;56
307;100
354;138
409;160
477;194
545;198
476;204
445;202
402;268
483;236
628;210
767;183
723;157
653;161
608;175
603;171
601;144
500;121
499;84
501;110
544;151
612;211
743;363
869;452
909;612
998;667
1005;668
1110;686
1271;619
1278;626
1062;609
959;538
900;444
867;383
865;345
900;314
874;242
843;179
963;134
972;90
853;74
584;48
428;29
375;25
429;34
392;42
359;72
287;82
196;83
136;93
125;83
175;75
277;79
325;74
339;63
345;67
323;94
260;74
171;61
83;47
67;31
53;21
38;10
31;5
32;5
32;7
46;4
38;4
39;5
46;9
63;13
90;18
127;20
164;27
227;46
274;63
329;71
327;54
300;37
299;26
356;33
391;40
422;45
470;74
391;93
367;119
342;148
336;194
381;221
322;201
323;190
399;233
552;303
657;364
824;403
1101;433
1348;456
1445;485
1469;561
1419;577
1231;537
1044;527
833;474
870;437
915;475
1161;487
1228;464
1235;428
1244;460
1186;432
1139;424
1102;385
941;316
765;295
725;319
650;339
576;386
650;385
773;352
817;370
761;376
793;400
822;336
819;288
820;140
760;137
534;162
383;173
351;172
245;179
171;162
185;144
207;138
204;133
229;166
235;196
265;136
212;150
138;126
161;47
258;46
351;100
473;143
623;166
649;125
507;126
497;110
558;69
518;79
364;89
283;94
242;101
258;95
216;137
202;136
181;187
222;238
264;195
263;197
210;237
253;257
262;171
362;139
504;169
744;186
924;238
1106;249
1367;247
1664;304
1909;359
2012;433
1879;459
1570;490
1273;441
1110;401
1237;367
1408;408
1405;426
1407;472
1368;505
1424;523
1467;541
1516;496
1378;332
1406;192
1145;141
1064;214
857;330
541;441
468;379
457;384
489;296
410;234
350;211
381;233
382;352
398;415
396;432
413;408
554;368
711;333
638;305
576;264
621;243
682;251
604;225
652;161
616;132
629;125
685;106
728;114
863;98
901;122
862;219
791;351
814;465
825;570
734;645
685;652
839;661
1027;657
941;622
845;555
1194;523
976;528
1425;564
1540;462
1569;428
1608;423
1639;394
1629;396
1686;431
1605;436
1354;422
1229;363
1353;334
1603;380
1663;444
1793;505
1893;555
1715;469
1511;464
1317;463
1239;507
1174;580
922;568
710;527
683;496
734;467
759;400
912;362
1058;392
1005;414
1078;415
1196;377
1317;362
1302;333
1191;355
1259;414
1375;461
1420;550
1524;604
1473;650
1325;664
1217;675
1151;679
1117;703
1039;731
877;715
742;684
666;639
790;599
928;604
886;585
885;568
909;525
854;470
773;472
738;423
669;411
615;348
507;312
498;315
404;280
343;306
425;275
598;237
676;189
644;199
483;175
320;168
224;207
169;258
151;205
160;137
208;107
253;72
321;73
341;72
262;76
212;71
151;74
149;68
148;65
125;66
86;42
57;8
38;3
11;5
16;8
16;10
21;8
51;10
78;9
104;13
148;14
178;11
160;10
126;7
142;35
153;131
171;215
205;229
229;217
249;195
279;134
313;103
328;83
324;91
287;113
253;100
287;89
382;78
505;81
625;111
671;129
681;130
753;146
842;187
857;269
882;355
821;289
775;215
839;168
970;135
1052;106
1109;102
1194;100
1310;127
1309;162
1298;188
1328;216
1376;252
1443;223
1472;242
1381;243
1382;326
1408;403
1355;400
1321;402
1321;451
1286;458
1255;420
1289;421
1174;455
1059;410
888;404
708;335
661;372
674;352
560;290
378;231
237;170
289;151
553;146
790;156
940;127
1074;98
1239;94
1199;80
987;71
859;70
695;70
637;84
496;59
350;71
290;69
300;56
282;34
231;27
238;30
230;31
336;37
447;48
539;76
584;119
608;184
627;184
578;182
524;172
542;151
486;182
396;184
358;137
361;124
331;125
345;147
355;160
337;140
306;131
302;166
305;194
293;205
268;205
244;196
280;204
359;252
450;255
540;246
596;244
586;250
549;221
523;211
499;190
424;153
249;124
199;120
192;106
246;127
366;165
345;151
288;138
228;126
202;136
191;119
192;136
162;141
124;120
116;95
115;95
81;115
56;111
46;112
47;67
39;34
38;13
29;7
21;5
16;4
12;4
11;3
12;4
12;3
12;4
22;11
55;44
103;110
138;178
158;218
179;268
188;280
147;224
89;164
72;144
67;139
55;146
51;164
59;118
68;81
102;58
103;77
119;92
113;107
115;106
80;114
75;74
79;47
63;49
56;51
70;54
93;53
127;44
130;50
156;55
166;59
141;71
111;65
97;57
116;50
142;50
167;40
184;34
194;32
193;40
211;35
190;28
151;40
115;32
59;30
57;12
90;9
141;10
224;28
333;85
440;167
221;234
234;189
393;60
465;35
550;72
676;118
701;108
705;173
828;197
1164;202
1400;229
1562;307
1617;297
1852;285
2049;271
2124;299
2279;420
2322;463
2281;430
2337;385
2727;427
2888;514
3172;560
3260;622
3087;653
3057;754
3333;807
3256;797
2836;787
2600;756
2385;749
2037;714
2057;617
2395;614
2307;595
2181;529
1955;471
1760;430
1621;350
1464;272
1375;236
1186;204
1054;170
868;159
740;201
623;196
610;214
673;228
628;251
674;261
772;240
864;231
946;206
997;228
1082;239
1072;216
1155;195
1284;176
1328;134
1339;122
1301;108
1381;131
1493;164
1658;180
1880;183
2028;150
2044;153
2051;188
2081;240
2112;357
2298;443
2666;550
2678;626
2470;643
2428;619
2376;622
2202;578
1835;493
1349;387
985;335
891;230
1015;198
998;229
1024;262
993;255
1022;138
1110;97
1358;120
1791;195
2245;211
2530;229
2864;322
3162;396
3240;407
3630;457
3735;461
3771;464
3649;443
3378;429
3352;419
3166;486
2777;462
2267;294
1745;296
1395;342
1180;382
1108;323
1013;237
831;155
798;102
766;94
644;98
685;91
849;84
904;88
929;97
944;105
887;106
932;99
911;83
812;71
736;45
555;25
375;18
308;13
255;13
249;5
221;4
240;4
231;5
200;5
187;10
161;11
135;12
83;9
59;4
69;15
79;35
96;70
179;120
251;171
286;205
369;269
442;325
460;345
506;270
549;207
528;219
561;190
724;179
731;126
732;74
707;72
713;76
646;53
587;51
512;89
519;89
465;43
620;20
722;22
979;54
1150;141
1380;254
1751;411
1992;380
2318;458
1908;422
2215;357
2431;420
2142;390
2349;289
2191;240
1810;225
1442;192
1289;193
1171;175
1171;149
1046;120
966;138
940;140
886;147
837;168
887;151
1042;152
1356;173
1460;196
1949;233
2206;270
2399;309
2289;307
2229;394
2089;394
1911;467
1801;359
1729;330
1677;321
1422;279
1392;217
1427;250
1614;265
1734;330
1776;359
1758;419
1774;575
1823;458
1803;386
1914;409
1987;427
2218;488
2491;525
2586;605
2464;687
2427;665
2322;539
2348;547
2287;523
2240;493
2199;516
2322;626
2122;528
1801;423
1468;353
1236;370
1139;400
1086;348
1028;311
853;263
635;192
475;107
416;65
500;87
835;123
1166;202
1462;331
2182;522
2698;693
3150;774
3440;784
3571;749
3485;732
3325;702
3070;647
2694;531
2503;436
2930;447
3087;572
2887;536
2805;430
2295;385
2143;429
2065;459
1933;433
1663;410
1587;423
1579;450
1628;380
1974;288
2292;300
2563;298
2703;321
2800;289
3059;298
3358;503
3154;563
3181;781
3247;861
3218;891
3254;928
3322;895
3041;874
2773;855
2602;840
2108;799
2047;778
1951;737
1632;642
1239;468
1686;473
1626;444
1720;415
1924;395
1993;325
2124;318
2328;354
2450;439
2554;613
2827;709
3198;810
3396;858
3356;875
3295;844
3527;843
3487;862
3440;820
3405;798
3294;813
3178;769
3179;765
3155;756
3080;744
2985;732
2847;720
2756;711
2789;741
2809;741
2717;654
2595;589
2486;614
2411;622
2378;585
2379;589
2367;609
2412;570
2450;534
2433;500
2414;501
2428;548
2347;563
2251;539
2158;514
2167;445
2088;345
1946;285
1802;262
1640;230
1449;190
1294;201
1151;201
1014;165
950;132
868;108
768;71
669;35
664;24
720;22
765;33
791;45
783;65
776;86
865;96
900;96
842;107
899;159
901;223
970;214
1010;210
1022;184
1054;139
990;141
943;108
813;77
786;82
898;69
919;59
878;101
865;152
899;189
923;191
947;163
1039;148
949;175
883;229
976;248
1048;260
946;242
805;221
545;228
699;206
625;186
509;149
403;114
360;93
400;102
310;98
212;75
147;43
106;29
96;26
90;34
74;69
67;105
85;96
120;111
194;92
262;64
246;42
213;34
149;25
125;20
94;25
90;56
67;64
81;51
49;52
38;46
38;38
32;37
28;47
38;42
40;34
47;18
65;17
54;27
45;43
43;47
47;54
66;71
132;110
208;133
178;127
130;124
83;103
76;62
70;45
77;40
56;45
61;43
64;39
68;37
96;30
113;19
117;22
122;28
67;25
32;17
49;12
86;8
105;16
154;19
192;22
240;27
323;33
445;39
561;43
650;55
685;49
678;38
894;66
993;107
1072;151
1126;191
1162;203
1190;176
1279;180
1344;163
1379;153
1330;150
1260;168
1200;195
1029;178
967;196
1045;221
1114;270
1145;371
1274;351
1394;286
1381;257
1266;192
1193;169
1169;146
1061;115
999;113
1023;84
859;81
784;86
664;93
653;86
512;83
451;70
489;55
429;29
218;13
127;7
144;6
248;8
318;14
371;24
450;30
564;34
641;40
718;63
806;97
843;114
863;118
781;88
666;67
652;89
711;195
847;258
627;249
658;204
638;146
619;96
589;73
469;55
303;32
336;20
413;18
402;27
355;44
311;51
312;69
360;65
398;75
391;83
419;91
440;122
528;79
480;49
425;32
472;24
453;19
344;23
219;43
182;58
149;81
107;111
89;144
80;145
64;153
37;203
67;250
105;215
147;156
222;156
326;196
454;229
628;278
798;358
950;387
956;357
912;245
838;148
748;102
755;125
808;120
830;97
851;92
830;85
727;64
614;50
564;50
611;41
641;27
562;21
487;21
447;35
495;112
534;141
540;140
552;134
545;131
576;148
546;144
519;131
479;115
407;101
340;97
355;106
390;100
373;105
342;100
335;80
273;61
200;52
135;39
113;22
110;14
149;17
136;28
139;38
135;47
150;53
188;70
259;80
325;82
404;68
431;69
489;87
578;86
567;91
560;85
706;84
671;87
608;111
502;112
479;109
505;133
563;150
566;141
592;137
560;144
513;132
514;116
541;153
522;200
619;221
858;248
1073;269
1187;286
1242;289
1400;339
1448;348
1481;394
1388;400
1493;390
1458;351
1547;292
1641;315
1855;311
2118;359
2196;391
2262;433
2220;469
2255;541
2386;621
2659;651
2483;660
2421;687
2470;675
2837;689
2798;701
2811;714
2873;746
3015;756
3065;776
2934;795
2782;767
2628;740
2478;696
2408;641
2460;592
2521;568
2585;578
2657;557
2688;573
2612;599
2547;621
2567;645
2723;676
2738;686
2573;670
2494;617
2291;572
2067;595
2009;612
1973;599
1933;587
1822;560
1766;544
1673;538
1579;518
1432;498
1373;510
1313;492
1367;491
1337;462
1185;395
1036;316
1005;257
932;219
836;167
686;99
595;90
593;83
497;78
442;69
430;59
495;79
640;95
787;118
1044;141
1315;155
1415;160
1492;172
1642;233
1734;357
1609;429
1705;469
1807;443
1947;352
2130;313
2446;326
2726;363
2918;389
3029;454
3044;517
3142;517
3020;637
3215;670
3099;677
2957;682
2762;659
2623;686
2527;656
2490;681
2534;670
2409;654
2202;656
1829;592
1366;593
1014;492
933;359
944;171
1011;83
933;44
992;36
1037;55
1345;38
1498;21
1379;15
1377;17
1386;24
1370;34
1450;51
1504;93
1560;136
1446;190
1265;227
1014;209
772;160
524;112
362;54
251;89
161;211
160;340
200;290
249;220
269;208
247;209
334;201
405;198
446;217
437;227
397;269
250;306
151;286
183;272
305;280
433;248
519;266
612;219
679;188
769;116
886;94
908;67
841;61
707;58
549;52
385;66
237;45
145;61
99;48
62;43
56;60
79;86
104;84
136;70
163;45
174;30
138;31
89;37
57;63
75;86
99;102
156;122
217;96
343;95
379;109
402;107
410;77
369;65
340;62
327;65
363;94
400;149
420;235
458;143
575;177
651;234
692;260
728;306
678;305
677;268
658;176
650;123
692;97
795;125
900;165
1019;167
1143;202
1237;261
1382;332
1447;376
1404;440
1488;482
1448;413
1318;383
1223;361
1269;368
1284;388
1217;333
1142;297
1085;250
1065;213
939;197
881;175
892;154
953;147
968;135
894;131
911;181
1021;205
1129;232
1183;182
1353;198
1482;190
1477;187
1449;196
1277;210
1060;178
964;160
954;188
1010;218
1014;193
918;175
758;163
779;126
760;103
678;84
601;56
538;40
531;35
512;28
437;26
352;27
334;46
314;63
324;81
328;81
318;72
279;70
256;66
209;53
134;39
85;26
86;25
80;35
61;32
55;25
62;24
57;23
60;59
68;69
61;65
33;59
21;44
26;45
27;45
37;48
59;60
107;57
156;59
227;61
321;55
388;50
430;44
454;34
391;31
364;27
345;22
344;19
339;20
308;12
245;9
168;7
129;6
121;7
128;9
83;8
34;5
28;4
13;4
14;7
36;14
74;21
96;23
176;24
315;43
289;32
240;19
224;16
107;10
82;10
143;10
221;10
236;15
281;22
240;38
233;105
267;141
251;221
253;277
286;306
442;291
566;209
637;215
661;253
740;268
875;307
960;333
1052;377
1096;408
1072;417
1273;396
1280;431
1067;426
896;454
824;386
864;360
814;355
727;342
744;330
733;311
712;266
712;233
670;238
668;219
797;241
787;266
770;227
792;218
819;258
890;243
974;173
982;117
1038;112
1093;102
1154;115
1158;119
1078;135
881;184
879;227
819;240
738;201
777;169
806;154
785;144
839;134
837;146
783;124
782;116
942;120
990;114
898;122
949;161
1077;215
1081;244
966;229
888;195
766;157
719;139
695;105
593;62
416;41
394;22
443;18
433;13
406;13
374;16
327;20
307;19
299;17
272;14
252;12
231;8
260;8
325;10
372;15
441;26
536;30
583;37
649;44
676;40
672;40
590;35
547;26
444;24
317;20
269;23
305;24
347;21
341;16
277;13
273;19
296;13
317;4
359;3
375;3
397;4
491;8
537;7
555;8
572;11
648;16
690;20
715;23
737;32
845;41
872;43
848;53
752;79
654;126
598;175
547;217
538;191
576;139
627;123
621;121
585;123
622;126
653;124
712;133
800;114
877;101
884;78
836;106
677;135
681;156
710;135
678;131
811;148
929;139
999;112
853;89
603;69
481;49
395;55
395;58
336;51
293;41
260;28
237;14
235;9
212;5
189;5
160;5
141;3
112;4
101;6
69;8
87;9
115;15
124;20
148;27
177;24
196;20
211;15
190;17
155;10
103;5
58;4
41;3
46;3
74;3
100;3
86;3
120;4
148;5
149;4
113;5
70;2
44;2
51;3
79;4
92;9
90;15
112;21
153;25
301;28
512;28
537;23
502;27
506;41
503;58
482;47
416;29
417;34
396;38
377;49
390;73
381;68
379;75
368;79
317;88
223;70
157;53
153;44
116;44
96;44
87;54
87;59
87;69
110;55
129;48
165;46
250;52
348;59
411;50
588;41
771;49
830;67
822;101
844;99
894;84
931;75
986;77
947;78
797;88
560;91
419;111
370;154
317;240
400;274
517;333
594;368
737;408
905;479
1033;567
1152;591
1259;600
1294;577
1339;522
1228;495
1254;459
1361;431
1306;460
1178;440
1145;359
1207;355
1395;361
1550;337
1680;334
1759;328
2005;353
2177;365
2285;335
2356;337
2351;360
2357;384
2222;412
2230;473
1856;500
1604;467
1111;431
701;425
428;197
500;89
430;20
341;6
394;27
513;141
535;172
544;305
486;297
455;268
381;194
292;100
238;61
330;58
361;47
336;25
378;13
340;10
256;13
254;17
251;18
390;23
525;25
648;37
679;71
794;86
845;133
814;184
804;221
758;187
770;184
826;197
831;155
801;142
633;120
449;103
364;92
257;98
260;105
292;104
253;112
265;115
240;137
292;190
299;232
199;241
132;186
92;156
70;167
110;182
297;228
595;263
879;299
980;273
1084;228
1176;236
1180;241
958;250
846;246
611;217
526;187
556;195
602;255
626;328
715;396
787;444
866;475
1178;486
1752;477
1863;443
1171;224
687;94
344;70
199;105
160;183
158;167
157;142
132;176
132;169
169;115
175;86
191;70
155;72
132;87
60;90
63;78
89;57
75;51
57;50
53;50
81;64
124;84
145;100
135;98
131;70
86;40
48;15
35;4
33;4
31;3
22;4
15;7
14;9
14;12
13;8
14;7
10;4
11;3
19;5
26;7
64;16
126;20
212;43
288;56
262;67
241;99
199;80
146;63
127;45
102;30
52;15
37;10
28;11
30;13
33;16
62;15
77;20
85;23
71;11
62;5
53;4
43;3
56;2
129;5
153;12
160;22
187;28
210;31
233;30
332;32
428;31
510;29
468;26
469;23
451;19
384;15
234;23
235;49
346;92
450;72
537;96
666;147
632;127
566;91
602;52
646;34
733;42
797;76
937;97
1161;84
1357;158
1351;203
1446;211
1608;202
1539;182
1464;198
1696;237
1982;312
1924;340
1872;452
2050;385
2341;439
2238;383
2104;409
2241;477
2482;467
2401;495
2262;570
2275;501
2388;496
2554;544
2495;544
2530;484
2460;459
2442;587
2496;653
2619;691
2606;757
2662;743
2591;747
2186;664
2126;642
1842;575
1665;454
1501;405
1371;365
1154;310
1038;246
1013;256
951;217
833;178
786;153
715;123
693;98
671;106
633;107
629;97
753;66
923;76
1092;96
1240;101
1309;90
1239;86
1079;67
834;50
547;27
318;15
207;13
197;26
142;57
90;59
83;32
109;33
130;36
104;44
67;37
65;46
50;51
22;39
19;41
46;50
86;73
138;99
204;143
323;178
432;195
499;241
482;298
483;325
489;330
579;373
625;440
706;450
876;446
1180;469
1444;474
1375;519
1249;475
1095;424
1204;434
1113;353
859;300
657;260
376;186
211;142
365;109
667;62
842;59
1170;60
1614;114
2017;172
1819;106
1650;89
1355;341
1738;492
1334;480
1195;414
1084;362
990;316
774;222
494;104
348;48
282;36
214;21
116;9
78;7
57;2
118;3
144;6
125;5
84;6
70;11
118;25
176;55
254;152
382;328
551;570
928;605
1151;621
1356;513
1876;333
2300;358
2527;458
2455;603
2439;693
2535;794
2794;845
3100;880
3375;926
3390;938
3526;922
3692;915
3738;915
3702;910
3595;905
3344;908
3347;893
3303;823
3133;717
2547;526
2277;407
1598;419
1148;302
967;221
808;146
800;100
831;84
655;119
525;253
611;377
732;398
898;467
837;515
918;533
903;599
901;627
1010;606
1093;627
1421;659
1655;707
1998;765
2132;789
2250;735
2224;785
2716;795
2563;723
2211;706
2040;713
2006;742
1988;728
1898;706
1779;656
1610;602
1469;490
1285;387
1122;291
982;267
874;276
785;337
703;406
781;378
726;328
723;277
694;205
739;148
794;80
653;124
581;50
556;14
368;13
500;19
550;57
499;72
558;59
517;57
495;60
453;95
469;131
531;140
640;135
789;123
923;123
1073;106
1130;85
1057;65
960;60
743;78
561;100
484;146
413;189
285;261
266;301
333;140
377;76
473;96
489;96
567;130
490;176
378;155
389;179
493;196
424;182
324;191
301;157
297;134
243;186
204;246
181;251
150;324
140;294
194;306
234;286
389;243
472;215
487;267
558;273
553;337
505;409
495;241
538;139
637;120
712;170
711;187
723;236
639;348
509;436
527;322
494;261
499;188
368;86
273;58
296;103
396;145
524;139
664;118
759;118
819;120
889;112
832;140
796;126
729;115
634;84
571;83
542;77
648;54
719;30
809;29
870;44
934;74
1055;114
1070;134
1262;132
1423;141
1549;159
1764;166
2053;177
2388;247
2504;343
2625;410
2559;419
2569;384
2447;320
2469;241
2534;159
2448;108
2255;93
1757;96
1283;89
1212;62
1047;50
1055;43
964;61
721;79
601;74
581;63
567;77
591;39
592;21
511;17
522;17
641;27
757;60
851;92
947;116
1043;96
1087;92
1134;66
1102;53
983;79
807;70
598;49
676;57
693;63
740;83
806;75
922;66
1023;40
1105;34
1154;48
1282;92
1446;113
1505;138
1725;201
2054;235
2368;242
2819;288
3154;322
3301;364
3353;354
3376;364
3309;339
3234;317
2943;327
2647;364
2361;346
2139;350
2045;382
1918;382
1687;415
1558;440
1485;354
1442;268
1246;244
1074;276
899;307
744;256
674;224
707;218
700;198
689;250
761;235
884;214
918;165
1091;175
1161;161
1189;91
1366;60
1546;62
1532;59
1591;94
1520;139
1547;206
1445;321
1175;402
1021;466
1042;498
1000;545
988;522
1320;503
1469;496
1696;450
2091;454
2179;452
2150;528
2228;560
2262;552
2305;669
2409;695
2483;685
2437;679
2269;650
1942;570
1536;441
1409;372
1346;331
1250;347
1206;331
1215;365
1086;340
902;320
759;260
673;198
549;171
469;149
407;129
474;115
434;97
364;77
288;69
243;71
195;73
171;61
157;46
120;29
65;13
40;4
61;3
85;5
141;17
256;43
407;69
608;95
887;121
1108;124
1321;138
1504;137
1508;147
1451;155
1371;171
1370;189
1494;194
1723;198
2058;211
2275;212
2356;202
2352;187
2340;175
2258;173
1947;167
1539;147
1296;141
1240;179
1249;259
1167;291
935;246
737;192
642;123
557;88
484;58
432;44
373;23
323;19
374;10
400;10
489;14
673;39
874;60
1095;82
1429;107
1516;109
1516;125
1317;176
999;238
757;140
672;68
699;62
645;76
668;95
699;135
650;223
567;259
490;287
527;371
497;307
612;278
829;152
887;210
992;396
1115;398
1220;456
1468;660
1682;704
1644;562
1689;450
1847;578
1754;658
1777;607
1315;543
1005;563
1090;581
1176;540
1026;412
863;452
829;567
758;537
835;564
905;508
891;407
804;341
720;323
578;256
470;308
376;283
331;194
365;171
300;239
372;334
396;158
431;197
581;251
658;147
596;203
605;319
666;353
848;415
943;443
891;448
937;464
1076;362
1160;398
1128;453
1180;462
1119;479
1097;417
1046;398
1283;487
1518;501
1632;475
1600;471
1609;371
1530;350
1325;275
1105;242
830;218
617;180
492;82
525;46
600;48
791;41
1085;54
1273;135
1524;297
1689;357
1948;444
2135;617
2295;689
2501;593
2684;683
2546;722
2662;783
2462;758
2191;717
1924;709
2047;699
2154;687
2140;695
2145;583
1998;483
2076;574
1857;592
1640;565
1623;587
1563;533
1455;515
1442;452
1470;342
1408;350
1358;267
1251;300
1183;254
1007;231
928;199
739;187
626;165
776;221
829;216
775;193
827;156
781;143
726;125
603;73
446;59
218;49
101;35
58;16
63;7
70;9
65;9
55;3
84;3
109;2
150;3
215;5
261;7
315;10
400;22
392;31
355;53
349;85
389;115
388;121
503;120
533;163
561;201
550;249
467;320
317;367
311;398
429;375
492;380
455;336
486;262
441;213
385;161
314;109
322;68
326;54
290;36
422;17
635;22
718;48
862;75
1044;121
1159;117
1227;92
1316;78
1386;70
1524;77
1594;98
1561;146
1411;211
1144;253
1032;303
1018;328
1024;281
1026;301
1006;421
940;374
987;340
1028;353
976;348
975;330
1014;304
1031;257
930;226
979;237
1007;262
930;196
908;194
861;182
821;145
778;123
738;121
657;104
587;110
517;66
482;77
375;79
253;116
152;125
120;77
115;55
137;46
137;52
122;74
141;100
179;85
147;107
146;111
146;98
160;73
123;59
123;72
159;102
149;109
168;90
167;92
154;80
116;54
75;32
84;15
69;9
40;9
40;8
29;8
16;7
21;6
16;9
16;13
16;16
22;23
25;35
17;26
15;18
13;15
15;19
18;39
32;77
55;112
75;130
108;142
139;168
166;208
181;225
228;274
286;279
308;252
348;258
365;282
350;297
299;292
279;328
295;352
351;374
398;377
428;388
409;357
410;398
471;414
541;438
525;462
432;458
400;413
394;398
325;442
338;479
321;451
265;377
282;324
265;314
260;279
215;230
195;165
195;113
172;119
173;142
148;153
101;153
88;154
81;131
83;100
76;70
101;59
116;67
106;87
84;102
61;101
68;81
70;68
77;48
75;28
90;29
112;31
93;32
63;24
51;20
43;11
31;7
18;8
9;10
9;9
8;8
15;6
10;8
10;7
8;6
8;5
8;3
14;5
23;7
28;10
30;10
27;15
26;43
45;43
74;46
118;65
171;70
198;73
217;75
233;89
233;90
251;87
223;81
222;72
288;71
388;90
478;110
475;113
538;145
756;166
984;186
1088;219
1159;261
1223;348
1265;410
1269;436
1178;478
1233;502
1319;503
1544;490
1739;500
2056;514
2010;514
1816;482
1896;418
1972;347
1822;328
1646;288
1552;226
1417;183
1309;178
1241;154
1170;140
1100;164
967;165
824;176
759;185
733;199
756;186
1099;173
1244;170
1016;528
889;616
937;467
1144;428
1102;443
1166;428
1344;340
1406;349
1395;410
1375;484
1460;606
1565;656
1611;650
1840;645
1860;664
1905;725
1887;728
1992;732
2219;728
2281;731
2421;642
2674;700
2682;612
2794;545
2508;466
2192;348
1783;284
1819;214
1872;184
1999;262
2092;266
2040;283
1894;328
1843;302
1868;292
1746;237
1686;237
1521;257
1376;251
1326;287
1407;321
1420;295
1457;273
1426;261
1437;252
1679;214
1685;136
1368;98
1167;70
1257;54
1392;54
1387;76
1308;116
1473;178
1545;252
1691;327
1786;363
1698;288
1488;275
1352;321
1162;437
1131;491
1229;371
1180;251
1428;186
1861;152
1926;127
2038;134
2039;140
2024;139
1861;136
1642;133
1428;123
1259;101
1205;110
1187;118
1160;126
1186;136
1096;246
1023;185
985;131
1031;152
1016;178
1050;232
1210;344
1389;512
1514;463
1976;387
2410;473
2849;629
3145;799
2820;680
3071;780
3175;895
2904;854
2642;895
2494;886
2206;818
2207;762
2202;690
2006;550
1966;499
1989;455
1850;564
1913;536
2056;473
2024;429
2199;295
2610;311
2619;340
2414;302
2263;341
2354;438
2501;627
2645;540
2916;438
3104;518
3115;502
3031;502
2817;460
2475;403
2239;370
2115;328
1990;294
1752;240
1568;205
1371;178
1201;145
1138;105
1073;82
957;57
896;45
760;44
638;52
738;63
660;75
846;98
1025;91
1173;86
1380;87
1462;95
1489;91
1553;67
1673;52
1431;43
1380;56
1422;78
1430;93
1466;102
1585;99
1722;110
1834;127
1821;154
1853;163
1792;165
1731;179
1633;195
1506;217
1463;212
1395;165
1356;199
1303;200
1423;214
1605;233
1621;326
1836;316
1866;258
1933;179
2017;146
2100;149
2089;156
2084;190
1938;184
1625;185
1295;191
1176;218
1164;311
1072;468
990;469
868;490
907;503
843;523
702;505
790;495
1068;507
1286;575
1278;548
1285;474
1320;432
1229;302
1277;316
1137;341
993;317
787;266
705;260
697;255
676;238
618;185
568;148
535;163
467;138
456;90
426;72
440;61
513;49
638;53
821;87
904;116
1136;166
1560;238
2105;228
2503;273
2622;314
2835;306
2924;318
2864;284
2837;288
2599;271
2825;247
2822;297
2713;388
2440;433
2176;469
2072;462
1757;465
1598;457
1237;346
1086;279
860;263
642;281
510;246
473;196
394;157
367;117
330;112
320;122
371;116
432;87
572;75
662;63
562;51
542;44
775;42
938;47
988;44
1049;43
1139;82
1171;112
1250;143
1243;185
1298;203
1273;233
1318;227
1343;223
1307;214
1143;222
1104;210
1289;262
1438;346
1695;449
2009;536
2373;556
2804;562
2975;526
3114;537
3069;555
2916;564
2681;384
2501;248
2278;254
2093;235
1961;230
1747;268
1606;296
1548;281
1671;272
1573;235
1392;183
1451;132
1719;168
1999;244
2131;285
2053;330
2309;365
2328;383
2710;340
2825;348
2807;292
3153;289
3247;365
3334;407
3420;340
3469;313
3378;401
3084;519
2647;579
2293;574
1981;502
1795;456
1651;400
1815;383
1955;390
1942;389
1937;468
1774;475
1897;509
1938;443
1800;460
1625;515
1342;391
922;225
572;134
379;118
271;171
405;162
879;115
1304;130
1944;185
2446;334
2547;476
2348;500
2382;554
2562;663
2471;698
2511;726
2592;782
2608;789
3147;840
3458;914
3196;941
3078;951
2903;943
3175;942
3089;926
3034;915
3234;925
3011;927
3260;916
3251;936
2924;887
2803;887
2795;902
2679;792
2622;920
2740;905
2704;882
3012;850
3021;811
2716;765
2353;708
2626;725
2652;779
2915;865
2846;887
2761;863
2256;915
2203;926
2309;920
2905;888
3181;864
2830;830
3051;751
2844;782
2650;790
2604;799
2531;797
2341;751
2464;726
2421;706
2459;668
2349;604
2261;559
2192;546
2134;522
2048;431
2050;437
2169;369
2204;364
2211;317
2277;238
2325;212
2417;195
2528;180
2558;223
2399;268
2203;349
2112;451
2346;621
2380;704
2522;781
2295;694
2306;779
2606;807
2652;816
2440;805
2208;824
2029;830
2169;822
2022;821
2664;838
2699;845
2299;838
2232;813
2418;779
2633;722
2830;646
2992;843
2775;814
2518;794
2458;761
2474;744
2265;726
2031;628
1880;563
1754;647
1613;598
1473;535
1253;502
1245;478
1074;470
806;446
540;373
375;261
344;214
501;207
709;270
746;233
832;138
995;175
1171;209
1316;182
1482;175
1455;248
1731;344
1969;356
2086;361
2334;368
2556;480
2834;597
3050;712
3147;803
3211;854
3405;907
3375;929
3593;953
3110;980
3108;990
3129;997
3355;1000
3426;997
3550;996
3250;997
3161;987
3126;981
3279;975
3264;949
2839;923
2653;904
2435;862
2262;821
2012;805
1924;789
1818;665
1655;631
1617;575
1614;638
1570;606
1379;579
1296;500
1643;545
2398;615
2934;610
3270;545
3227;587
3322;759
3448;794
3516;785
3547;860
3575;870
3528;844
3310;843
3256;855
3180;866
3049;869
2948;871
2868;839
2815;793
2836;795
3003;802
2982;787
2941;751
2861;760
2740;757
2608;735
2391;722
2437;770
2762;783
2670;722
2619;656
2284;614
2425;608
2624;608
2699;572
2785;565
2538;554
2200;578
1924;503
1726;503
1464;513
1317;512
1160;433
1048;363
914;271
765;218
757;166
737;120
784;115
786;126
815;112
899;110
1222;142
1647;209
2183;268
2452;311
2588;334
2734;381
2716;414
2677;449
2693;556
2659;548
2621;565
2555;619
2443;654
2465;709
2539;699
2506;698
2380;724
2248;705
2195;662
2125;639
2051;623
1833;600
1976;582
1813;542
1877;517
2073;519
1978;527
1806;509
1611;443
1473;394
1308;323
958;221
678;201
585;189
635;193
722;167
691;121
691;86
728;86
677;65
665;49
815;47
843;51
861;48
945;37
1036;43
1161;54
1135;65
1306;85
1436;172
1714;270
1765;314
1963;293
1974;345
1959;462
1915;492
1694;481
1806;548
1837;542
1694;546
1590;585
1451;576
1578;591
1658;579
1559;582
1470;459
1526;425
1548;397
1453;471
1324;600
1889;640
2391;723
2864;807
2834;900
2604;945
3068;934
3020;919
2977;902
2800;919
3127;935
3065;939
3213;973
3624;1001
3536;1011
2871;973
2536;991
2569;980
2530;966
2300;961
2176;944
1970;917
1884;890
1699;891
1879;875
2111;845
2013;846
1991;882
2008;885
1821;836
1864;804
1824;770
1954;829
2048;841
2192;808
2108;729
2004;715
1854;662
1679;589
1419;556
1174;443
940;327
751;307
566;244
454;189
414;147
344;116
402;161
404;147
374;71
495;101
744;202
1017;283
1285;318
1546;363
1725;413
1872;400
1839;394
1717;413
1640;411
1655;354
1816;387
1984;485
2174;528
2339;510
2377;506
2040;411
2028;349
2099;376
1840;486
1394;476
1264;445
1040;412
872;428
836;412
858;390
930;388
1148;388
1282;351
1211;310
1035;245
957;178
864;165
851;250
857;284
860;392
788;506
726;554
655;442
621;337
406;263
303;201
236;130
220;73
262;32
227;7
199;6
144;4
150;3
226;4
367;6
518;11
534;15
490;18
517;15
679;24
762;28
845;31
882;32
908;34
975;52
1179;73
1029;96
939;154
830;266
904;539
1036;697
1178;716
1105;651
1114;540
960;451
754;368
581;304
406;259
406;246
508;175
491;100
441;75
328;62
212;25
114;9
131;13
274;28
507;48
668;48
933;70
1271;106
1511;162
1766;230
2114;273
2418;311
2399;371
2463;484
2374;553
2604;583
2647;595
2761;607
2875;647
2943;687
2925;715
2812;612
2753;554
2506;503
2257;453
2200;399
2175;346
2172;347
2131;361
2047;316
1995;322
2045;335
1766;326
1723;325
1529;299
1480;302
1408;289
1558;274
1580;298
1899;354
1955;381
2187;399
2201;412
2518;421
2678;436
2654;420
2654;391
2622;420
2565;391
2713;347
2456;333
2093;265
2057;230
1981;243
1884;199
1692;174
1637;172
1336;134
1009;113
866;85
774;46
727;19
617;13
482;13
392;16
327;15
274;8
206;7
115;10
101;16
78;30
77;45
101;63
135;112
301;195
671;360
1016;498
1200;515
1260;505
1469;569
1652;551
1694;553
1816;563
1830;580
1586;549
1712;532
1820;516
2034;611
1747;553
1580;421
1814;356
1873;387
1838;397
1770;346
1665;434
1763;520
1541;520
1406;407
1495;383
1574;463
1498;482
1576;508
1550;539
1249;607
1420;561
1354;549
1342;527
1368;476
1210;451
1287;413
1449;329
1392;311
1228;305
1269;271
1377;232
1505;214
1509;195
1339;129
1518;110
1618;98
1545;89
1409;79
1501;85
1681;138
1897;216
2024;311
2188;358
2190;381
1817;401
1810;445
1905;427
2050;450
2180;457
2145;367
2132;378
2163;359
2107;352
1993;333
1871;279
1913;259
1999;259
2081;238
2104;254
2041;281
1880;336
1728;368
1870;472
2038;575
1955;624
2029;673
1659;560
1589;542
1613;536
1756;525
1778;469
1726;361
1564;306
1843;321
1831;468
1851;505
1560;530
1435;497
1376;436
1301;355
1287;316
1376;350
1452;408
1407;423
1574;489
1533;568
1835;691
2061;704
2117;675
1940;613
1722;499
1568;389
1214;326
1163;267
962;249
745;231
599;185
478;195
350;191
281;183
273;166
273;153
213;117
169;65
182;54
208;37
195;31
186;45
307;81
448;115
547;142
517;149
431;166
368;212
318;206
267;218
218;211
285;135
255;93
212;61
152;46
106;45
47;46
37;24
35;20
24;16
9;32
7;14
7;8
9;9
16;11
24;12
31;10
43;12
83;13
182;13
292;11
409;9
390;9
431;10
518;12
575;13
648;13
639;12
591;13
589;19
625;28
734;30
856;35
843;35
740;27
678;23
685;20
618;19
456;19
397;15
262;13
135;15
57;20
39;28
41;28
54;28
68;28
144;27
221;21
286;30
507;74
690;100
714;79
846;97
903;114
930;160
917;170
925;184
1124;249
1389;329
1339;409
1315;405
1273;348
1231;348
1141;357
904;267
792;198
770;149
741;120
594;121
461;136
443;111
409;81
371;62
320;50
320;52
268;57
205;56
191;49
196;29
187;35
216;20
194;12
229;20
315;35
363;39
343;36
316;37
236;26
184;20
257;19
338;15
423;15
425;18
533;33
782;66
948;84
1137;106
1047;126
927;109
990;105
824;153
938;202
891;300
884;389
817;397
732;368
966;295
1028;203
1154;196
1158;215
1177;216
888;185
759;157
589;95
509;84
394;100
311;116
350;86
401;54
515;31
569;52
631;56
666;28
700;15
769;17
872;42
1015;61
1207;74
1378;88
1482;126
1639;171
1933;197
2219;226
2369;248
2398;300
2420;357
2496;377
2568;391
2591;400
2592;520
2145;555
1901;560
2078;570
1860;558
1696;471
1861;514
2062;517
2100;466
2214;504
2449;480
2369;443
2283;496
2330;539
2449;564
2787;753
2791;771
2725;795
2803;760
2651;736
2503;691
2218;632
2174;591
2305;584
2520;653
2799;718
2967;793
3052;834
3107;859
2978;819
3038;821
3108;899
3180;989
2997;959
2865;975
2938;1004
3103;1017
3468;1017
3555;1006
3549;1003
3445;974
3546;980
3579;1002
3433;966
3406;998
3529;994
3547;998
3547;995
3486;994
3453;989
3221;939
2510;836
2429;926
2437;909
2376;874
2418;839
2633;824
2263;773
2078;755
1842;736
1840;723
1535;716
1485;709
1580;714
1576;638
1446;543
1513;470
1811;417
1777;399
1770;488
1681;349
1816;375
2264;469
2732;478
2969;454
3020;658
2865;801
3100;880
3114;931
2750;928
2900;913
3036;948
3038;959
2959;971
3024;977
3054;984
2956;981
2597;977
3118;977
3138;970
3096;962
2808;960
2765;938
2527;892
2234;858
2572;838
2419;782
2356;747
2061;721
1650;653
1393;598
1276;506
1064;436
834;362
666;299
602;180
559;161
682;213
715;313
926;507
995;619
1224;690
1421;709
1400;714
1481;698
1446;673
1340;620
1223;613
1040;530
1441;410
1608;414
1681;570
1911;609
2010;717
2145;790
2460;836
2597;856
2899;836
2955;817
2886;784
2828;807
2304;779
2157;743
2304;803
2251;847
2312;820
2296;803
2205;742
2099;665
1863;544
1538;391
1233;293
1098;255
1064;273
1097;254
1084;218
1095;153
972;123
834;104
860;118
677;161
675;161
726;158
850;152
1022;171
1139;193
1259;196
1262;254
1227;238
1310;224
1591;243
1724;229
1810;246
1738;241
1614;304
1575;381
1753;491
1862;514
1947;703
1974;709
2038;768
1992;792
1960;790
1944;794
2090;793
2251;786
2365;720
2363;756
2426;744
2384;772
2336;794
2318;805
2431;850
2505;885
2698;893
2849;924
2877;928
2864;924
2808;917
2806;917
2951;903
3139;904
3186;925
3149;890
3132;866
3127;860
3105;861
3148;890
3194;902
3216;910
3244;930
3282;941
3337;926
3364;930
3389;908
3375;795
3318;594
3173;446
2999;504
2648;650
2330;603
2174;718
2070;654
1988;560
2016;325
2121;214
1644;370
1056;674
828;752
950;779
1029;779
1169;764
1358;764
1639;803
1683;808
1773;822
2019;843
1989;890
2059;949
2316;958
2459;956
2673;930
2707;886
2427;808
2287;667
1878;487
1222;345
672;220
538;194
691;154
948;140
1145;138
1133;155
982;172
800;205
852;197
955;237
1194;304
1381;285
1646;282
1910;307
2010;308
2093;233
2051;237
1894;254
1726;261
1541;252
1387;185
1353;145
1155;130
1180;123
1238;155
1285;156
1275;186
1185;168
1041;131
747;108
425;132
242;144
371;227
360;221
444;190
534;217
712;345
958;371
1356;473
1557;608
1711;677
1724;706
1693;659
1855;731
2034;772
2192;736
2223;774
2330;736
2357;743
2088;746
2044;662
1979;482
1869;420
1643;339
1533;304
1447;269
1323;288
1202;241
1082;220
942;179
893;146
767;113
754;91
717;80
800;68
775;54
745;39
902;56
1195;86
1472;95
1484;76
1348;66
1465;91
1563;129
1681;136
1717;145
1706;154
1692;174
1706;187
1705;178
1649;158
1579;155
1585;173
1602;241
1474;287
1400;271
1459;277
1565;334
1559;335
1435;281
1363;231
1339;236
1246;245
1075;199
980;181
961;152
892;162
875;144
861;133
857;96
847;92
742;94
584;91
417;76
322;85
243;103
233;117
227;111
284;94
330;102
342;109
367;97
434;115
446;105
454;99
394;105
344;96
351;93
452;140
531;124
613;148
624;176
617;193
663;197
667;207
653;238
646;278
759;317
870;305
849;261
877;216
886;238
905;225
823;226
729;217
589;216
523;249
470;183
452;128
369;85
289;67
235;50
249;20
205;12
178;24
209;52
290;79
394;67
431;45
466;29
536;34
459;38
418;60
515;98
653;152
774;185
926;188
1050;190
1229;231
1274;230
1162;166
1169;117
1013;92
885;95
712;52
558;52
523;49
532;45
542;30
536;41
500;68
492;129
511;148
532;113
557;112
587;94
536;55
463;44
455;35
447;31
436;27
464;43
473;44
428;53
426;82
448;97
381;91
370;90
416;77
509;63
485;58
401;65
291;43
300;30
303;29
286;35
218;27
155;20
102;10
51;5
17;4
4;3
3;3
10;3
21;2
73;3
149;8
190;11
241;17
262;30
263;35
256;43
367;64
462;70
612;90
734;145
906;235
1008;313
1187;347
1385;397
1458;332
1475;281
1477;275
1358;296
1417;259
1453;238
1545;249
1607;276
1712;379
1956;469
2296;490
2543;498
2748;528
2853;546
2792;655
2660;684
2487;585
2404;547
2198;478
1930;520
1752;528
1643;521
1643;482
1659;525
1624;470
1693;511
1839;527
1889;553
2053;613
2058;626
1913;627
1731;637
1594;585
1506;555
1476;575
1553;559
1608;508
1653;466
1563;449
1691;409
1724;467
1706;500
1643;475
1601;513
1611;492
1667;463
1382;500
1321;570
1551;526
1871;571
1867;493
1880;303
1603;303
1604;321
1497;321
1359;230
1286;188
1135;150
985;98
868;94
844;81
773;80
718;60
631;55
548;91
378;145
297;94
267;111
308;76
313;51
278;57
175;85
178;134
278;221
458;180
646;216
815;153
931;178
922;134
964;119
1068;123
1172;127
1154;178
1113;200
1278;169
1457;246
1517;337
1659;451
1668;559
1719;580
1716;567
1362;541
1125;548
1360;531
1360;650
1430;650
1293;665
982;642
1017;517
1229;559
1253;643
1062;604
928;579
884;445
852;367
721;270
646;293
605;286
644;250
738;200
821;189
898;156
1001;127
1060;140
1058;103
1030;99
993;123
1092;114
1254;128
1317;113
1389;99
1393;101
1415;107
1420;128
1362;116
1281;97
1087;87
936;78
844;78
882;65
884;63
867;87
764;110
646;130
538;155
456;144
450;134
503;113
578;111
625;121
736;189
807;294
1013;341
1275;360
1407;406
1408;433
1341;418
1324;394
1311;421
1315;487
1348;501
1332;495
1199;511
1166;533
1334;482
1228;470
1199;474
1001;452
822;424
667;367
614;365
661;307
643;269
725;296
850;314
1034;369
1087;494
1063;554
1188;516
1243;477
1243;412
1170;359
1047;288
927;251
869;201
761;160
698;175
629;216
673;219
769;190
867;208
798;185
719;127
608;109
414;94
329;70
305;83
288;131
306;119
314;69
224;83
198;96
218;67
235;41
219;39
296;39
281;33
245;26
201;13
113;24
127;41
213;127
335;108
396;110
642;155
757;233
845;291
960;264
981;319
971;350
1130;409
1328;472
1635;582
1752;620
1666;619
1428;628
1191;660
1190;679
1179;665
1159;614
1160;615
1302;662
1367;696
1571;731
1751;760
1849;763
1958;769
1766;778
2057;772
2086;784
2197;794
2172;734
2292;721
2224;756
2130;739
2154;769
2177;749
2223;745
2292;724
2348;734
2372;703
2382;695
2430;696
2398;708
2324;698
2234;713
2206;687
2204;719
2272;708
2402;720
2454;759
2506;783
2181;831
2389;741
2355;764
2368;790
2490;808
2661;848
2603;883
2669;899
2674;898
2656;903
2871;912
3068;913
2806;899
2627;853
2802;839
2984;830
2685;826
2843;865
2810;852
2856;844
3057;833
2945;832
2678;798
2793;804
2982;793
2820;819
2750;837
2627;866
2608;860
2595;846
2574;843
2428;806
2283;761
2150;747
2069;733
2018;703
1946;646
1826;591
1600;577
1464;504
1357;396
1281;376
1133;402
1060;360
1028;312
947;274
874;229
829;232
793;214
782;181
774;183
784;188
774;190
765;181
755;177
710;168
675;162
646;174
645;157
633;152
616;141
606;121
614;104
570;91
496;85
434;80
447;73
464;67
474;78
456;92
426;89
479;86
506;81
507;72
484;71
397;59
335;46
277;27
238;21
188;17
162;16
133;19
122;18
100;21
72;31
78;23
88;11
64;7
42;4
34;4
43;3
83;6
127;8
132;11
135;4
153;5
176;5
230;7
257;8
293;13
332;11
401;13
527;23
675;31
1006;40
1072;41
958;41
941;60
954;62
942;73
1013;52
1061;44
1126;54
1092;62
1037;89
884;106
920;129
996;193
1125;216
1248;192
1298;164
1291;146
1286;155
1293;168
1209;171
1117;170
1061;198
1099;241
1126;296
1163;332
1179;406
1152;421
1131;386
1037;455
974;432
855;378
766;406
624;306
515;222
474;167
485;151
496;171
502;191
511;210
471;176
409;165
255;120
115;95
80;80
85;50
115;73
145;137
184;165
214;173
190;174
145;149
136;80
118;112
194;127
235;132
214;135
237;135
169;136
117;120
98;110
64;40
57;25
62;27
82;28
69;18
65;14
65;7
61;11
99;15
193;10
264;10
421;24
650;37
757;43
694;60
805;66
851;82
891;91
1013;115
1093;156
1227;251
1343;228
1264;244
1314;282
1567;321
1438;361
1714;399
2195;398
2471;526
2621;622
2826;703
2641;787
2697;867
2902;891
2792;903
2849;911
2992;952
2746;980
2766;999
3129;1016
3170;1013
3065;1024
3256;1028
3035;1035
2652;1024
2852;1011
2876;1002
2994;987
2726;979
2620;975
2736;950
2536;923
2503;903
2210;887
2311;887
2402;885
2476;878
2543;844
2785;863
3029;905
3415;956
3261;960
3258;953
3391;932
3383;931
2908;900
2683;848
2618;847
2766;833
2757;812
2607;787
2805;760
2827;741
2707;711
2748;668
2663;651
2634;634
2705;650
2748;637
2796;601
2733;516
2617;465
2532;480
2523;493
2484;470
2459;474
2465;471
2407;479
2274;500
2212;461
2120;421
1931;418
1887;382
1927;366
1925;371
1757;389
1465;377
1366;392
1291;415
1234;450
1225;437
1211;527
1066;573
1008;468
893;415
752;416
643;470
712;392
877;398
941;446
1128;467
1188;506
1177;494
1207;393
1190;347
1231;380
1270;422
1443;435
1635;466
1739;485
1728;542
1625;573
1739;599
1998;623
2105;602
2058;603
1964;553
1810;532
1561;491
1393;441
1256;462
1163;432
1105;431
1116;450
1134;561
1066;573
1025;536
970;537
831;388
827;257
832;253
1023;383
1337;515
1591;454
1830;571
2081;638
2226;653
2248;692
2229;685
2362;647
2598;585
2811;600
2880;653
2918;635
2882;715
2705;712
2524;640
2425;620
2281;590
2163;523
2048;482
2430;484
2832;549
3136;614
3138;671
2858;803
2950;827
3221;836
3240;856
3192;893
3314;885
3329;905
3319;913
3332;927
3446;934
3419;974
3376;930
3325;889
3215;880
3058;859
2835;904
2595;886
2400;854
2104;822
1791;782
1645;713
1348;606
1030;443
999;393
885;425
853;345
690;315
495;308
489;377
455;412
356;329
357;348
345;281
326;265
439;217
476;244
578;252
711;228
868;144
1020;174
1033;242
997;289
1046;344
1035;340
978;365
910;491
927;572
938;609
903;572
856;503
596;434
531;435
596;364
631;367
573;286
565;247
549;247
595;281
680;291
765;366
899;346
1067;293
1293;272
1466;421
1695;590
1793;662
2026;638
2270;577
2412;608
2355;715
2224;797
1957;813
1559;764
1084;685
944;617
792;511
696;440
616;343
544;305
572;241
854;234
1162;359
1391;501
1813;591
2403;670
2837;737
2966;792
2857;826
2645;860
2573;891
2522;891
2489;863
2305;848
2138;864
2477;908
2417;855
2200;853
1669;860
1954;871
1855;902
1930;942
2194;963
2316;957
2421;950
2550;965
2683;973
2715;999
2698;1011
2696;968
2873;947
3136;956
3294;980
3417;992
3563;991
3413;974
3367;961
2942;953
2558;950
1684;942
1368;863
1145;617
1102;443
1013;391
985;495
1077;677
1287;699
1265;666
1290;663
1349;620
1482;585
1673;587
1865;634
1974;683
2045;682
2007;715
2042;786
2266;834
2487;856
2750;788
2871;669
2666;651
2695;772
2467;697
2455;740
2504;851
2656;876
2585;888
2917;908
3051;920
2868;912
2805;904
2932;899
3001;903
3059;912
3088;902
3067;861
3031;834
2745;788
2624;761
2814;739
2837;806
2554;821
2830;845
2730;862
2702;883
2515;915
2142;909
2279;903
2237;868
2165;815
2043;763
1922;730
1771;701
1650;678
1585;623
1447;559
1372;523
1362;525
1437;526
1423;513
1285;459
1263;438
1279;475
1196;396
1034;387
978;329
851;298
723;279
549;239
419;211
345;207
301;176
252;165
213;196
253;207
297;236
332;266
334;285
366;250
379;206
289;171
222;199
170;176
142;162
146;198
210;204
284;224
351;239
378;324
399;365
465;292
545;210
548;195
577;145
579;134
514;116
492;136
500;122
561;119
570;125
527;140
480;222
513;259
602;318
657;304
721;356
701;316
719;255
812;332
941;312
945;400
1073;475
1161;432
1189;458
1218;519
1118;443
1103;390
1085;291
1108;228
1210;201
1271;192
1212;146
1101;159
1066;193
1004;205
1043;195
1056;197
1009;186
986;192
1011;179
1003;180
1015;183
935;301
915;297
878;260
853;264
839;226
859;182
822;200
875;167
810;153
836;122
881;109
799;81
714;103
562;99
485;62
503;29
516;25
596;22
648;36
672;34
726;53
819;53
951;61
1065;65
1102;57
1110;46
1223;42
1409;62
1810;72
1971;89
2148;106
2191;126
2119;272
2152;410
2327;474
2583;520
2623;540
2730;522
2694;546
2667;575
2644;643
2454;699
2257;676
2275;673
2290;684
2377;672
2114;581
1898;417
1535;321
1246;253
952;233
751;233
583;210
427;181
329;157
238;118
177;85
167;63
148;35
120;47
103;54
94;60
82;63
115;60
149;68
169;72
173;76
188;62
219;51
199;31
186;22
158;20
137;22
200;35
280;47
342;67
445;74
549;86
544;120
432;144
465;141
525;171
470;160
412;160
426;144
461;127
405;106
405;98
461;98
475;103
462;112
561;102
697;115
762;110
813;106
831;104
816;103
894;117
917;124
997;170
1078;269
1290;340
1492;361
1524;363
1736;416
1972;487
2170;488
2418;564
2582;691
2687;736
2804;789
2924;831
2921;843
2892;847
2782;835
2567;844
2356;829
2221;748
2084;590
1853;473
1686;364
1577;332
1468;334
1404;289
1329;295
1290;228
1187;154
1151;167
1134;111
1075;106
961;109
843;106
824;110
809;126
889;149
903;147
935;112
1012;111
1010;127
1042;119
1182;126
1191;141
1185;116
1207;110
1247;123
1347;126
1423;133
1479;159
1445;162
1425;146
1453;151
1431;133
1401;133
1444;147
1427;177
1330;189
1302;225
1362;236
1444;268
1386;237
1449;306
1453;296
1497;270
1568;313
1580;345
1643;372
1686;440
1732;456
1810;529
1952;638
2007;688
2108;684
2118;688
2088;695
1984;705
1798;647
1677;473
1561;367
1357;339
1134;376
934;377
813;337
679;265
689;198
660;190
599;146
471;103
352;59
255;32
175;21
148;12
136;10
143;9
138;6
139;5
138;5
135;5
133;6
127;6
128;4
172;3
223;6
207;19
288;37
306;73
217;122
220;193
283;265
249;389
284;534
286;591
248;516
286;415
267;262
210;158
213;78
192;27
187;27
243;47
233;75
236;115
272;142
316;179
258;222
236;213
171;222
123;276
85;258
119;154
223;123
231;153
230;146
283;184
522;172
738;162
1001;212
1069;218
1171;173
1307;162
1493;383
1512;479
1442;538
1368;522
1485;489
1547;408
1669;372
2038;321
2379;492
2471;628
2557;714
2723;735
2912;722
2547;749
2996;759
3121;720
2831;786
2525;843
2624;852
3077;820
3220;804
3153;807
3110;786
3112;739
3128;745
3063;749
2967;739
3020;814
3036;847
2987;852
2964;854
2942;868
2944;848
2737;858
2731;871
2298;830
1896;805
1975;606
1838;526
1891;468
2235;556
2099;506
2001;338
1809;303
1531;317
1260;313
1163;341
1239;345
1470;436
1487;476
1664;432
1784;375
1908;511
2015;512
2062;578
2028;621
2065;653
2012;697
1899;724
2137;748
1943;739
2018;761
2001;746
1919;703
1890;698
1739;712
1679;703
1748;683
1633;667
1554;656
1760;676
1863;684
2075;682
1984;760
1766;788
1665;768
1642;736
1621;695
1629;640
1734;696
2020;697
2239;693
2311;648
2237;616
2046;632
1897;581
1696;539
1520;537
1465;470
1293;332
1183;269
1109;331
1108;319
1158;340
1082;338
986;288
996;334
957;348
999;256
983;234
975;243
1058;283
1071;316
1083;385
1204;410
1417;478
1401;461
1460;508
1329;532
1353;531
1501;523
1482;541
1411;494
1271;456
1498;407
1318;434
1207;489
1257;576
1340;466
1520;475
1588;436
1703;455
1701;475
1728;571
1518;734
1283;784
1048;732
1260;577
1975;420
2430;360
2641;416
2687;567
2471;744
2296;880
2378;951
2346;935
2038;760
2099;809
2510;735
2343;746
2151;608
2061;599
2107;644
2020;646
1712;620
1322;508
1035;416
750;316
493;293
347;255
213;201
120;192
65;167
110;138
238;109
339;86
385;69
466;52
562;61
686;56
844;21
948;7
962;22
978;64
1091;112
1054;186
1163;240
1597;269
2123;293
2491;317
2828;339
3013;554
3120;693
3265;756
3335;800
3147;865
2859;902
2708;792
2719;785
